{
  "exercises": [
    {
      "id": 1,
      "level": "basic",
      "title": "Función Suma",
      "description": "Crea una función llamada 'suma' que reciba dos números (a, b) y devuelva su suma.",
      "expectedAnswer": 8,
      "functionTest": {
        "functionName": "suma",
        "parameters": ["a", "b"],
        "testCases": [
          { "args": [3, 5], "expected": 8 },
          { "args": [10, 20], "expected": 30 },
          { "args": [2, 7], "expected": 9 }
        ]
      },
      "hints": [
        "Usa el bloque 'Función con retorno', nómbrala 'suma' con parámetros a y b, y retorna a + b"
      ],
      "points": 10
    },
    {
      "id": 2,
      "level": "basic",
      "title": "Función Resta",
      "description": "Crea una función llamada 'resta' que reciba dos números (a, b) y devuelva el resultado de a - b.",
      "expectedAnswer": 6,
      "functionTest": {
        "functionName": "resta",
        "parameters": ["a", "b"],
        "testCases": [
          { "args": [10, 4], "expected": 6 },
          { "args": [20, 5], "expected": 15 },
          { "args": [7, 7], "expected": 0 }
        ]
      },
      "hints": [
        "Usa el bloque 'Función con retorno', nómbrala 'resta' con parámetros a y b, y retorna a - b"
      ],
      "points": 10
    },
    {
      "id": 3,
      "level": "basic",
      "title": "Función Multiplicación",
      "description": "Crea una función llamada 'multiplicacion' que reciba dos números (a, b) y devuelva su producto.",
      "expectedAnswer": 42,
      "functionTest": {
        "functionName": "multiplicacion",
        "parameters": ["a", "b"],
        "testCases": [
          { "args": [7, 6], "expected": 42 },
          { "args": [5, 5], "expected": 25 },
          { "args": [3, 0], "expected": 0 }
        ]
      },
      "hints": [
        "Usa el bloque 'Función con retorno', nómbrala 'multiplicacion' con parámetros a y b, y retorna a × b"
      ],
      "points": 10
    },
    {
      "id": 4,
      "level": "intermediate",
      "title": "Función Doble",
      "description": "Crea una función llamada 'doble' que reciba un número (n) y devuelva el doble de ese número.",
      "expectedAnswer": 10,
      "functionTest": {
        "functionName": "doble",
        "parameters": ["n"],
        "testCases": [
          { "args": [5], "expected": 10 },
          { "args": [3], "expected": 6 },
          { "args": [0], "expected": 0 }
        ]
      },
      "hints": [
        "Usa el bloque 'Función con retorno', nómbrala 'doble' con parámetro n, y retorna n × 2"
      ],
      "points": 10
    },
    {
      "id": 5,
      "level": "intermediate",
      "title": "Función Cuadrado",
      "description": "Crea una función llamada 'cuadrado' que reciba un número (n) y devuelva su cuadrado (n × n).",
      "expectedAnswer": 25,
      "functionTest": {
        "functionName": "cuadrado",
        "parameters": ["n"],
        "testCases": [
          { "args": [5], "expected": 25 },
          { "args": [3], "expected": 9 },
          { "args": [0], "expected": 0 }
        ]
      },
      "hints": [
        "Usa el bloque 'Función con retorno', nómbrala 'cuadrado' con parámetro n, y retorna n × n"
      ],
      "points": 10
    },
    {
      "id": 6,
      "level": "intermediate",
      "title": "Función Cubo",
      "description": "Crea una función llamada 'cubo' que reciba un número (n) y devuelva su cubo (n × n × n).",
      "expectedAnswer": 27,
      "functionTest": {
        "functionName": "cubo",
        "parameters": ["n"],
        "testCases": [
          { "args": [3], "expected": 27 },
          { "args": [2], "expected": 8 },
          { "args": [5], "expected": 125 }
        ]
      },
      "hints": [
        "Usa el bloque 'Función con retorno', nómbrala 'cubo' con parámetro n, y multiplica n × n × n"
      ],
      "points": 10
    },
    {
      "id": 7,
      "level": "intermediate",
      "title": "Función Valor Absoluto",
      "description": "Crea una función llamada 'absoluto' que reciba un número (n) y devuelva su valor absoluto.",
      "expectedAnswer": 5,
      "functionTest": {
        "functionName": "absoluto",
        "parameters": ["n"],
        "testCases": [
          { "args": [-5], "expected": 5 },
          { "args": [3], "expected": 3 },
          { "args": [0], "expected": 0 }
        ]
      },
      "hints": [
        "Usa el bloque 'Función con retorno' con el bloque 'valor absoluto' de la categoría Matemáticas"
      ],
      "points": 10
    },
    {
      "id": 8,
      "level": "advanced",
      "title": "Área del Rectángulo",
      "description": "Crea una función llamada 'areaRectangulo' que reciba base y altura, y devuelva el área (base × altura).",
      "expectedAnswer": 24,
      "functionTest": {
        "functionName": "areaRectangulo",
        "parameters": ["base", "altura"],
        "testCases": [
          { "args": [6, 4], "expected": 24 },
          { "args": [5, 5], "expected": 25 },
          { "args": [10, 3], "expected": 30 }
        ]
      },
      "hints": [
        "Usa el bloque 'Función con retorno' con parámetros base y altura, y retorna base × altura"
      ],
      "points": 10
    },
    {
      "id": 9,
      "level": "advanced",
      "title": "Perímetro del Rectángulo",
      "description": "Crea una función llamada 'perimetroRectangulo' que reciba base y altura, y devuelva el perímetro: 2 × (base + altura).",
      "expectedAnswer": 16,
      "functionTest": {
        "functionName": "perimetroRectangulo",
        "parameters": ["base", "altura"],
        "testCases": [
          { "args": [5, 3], "expected": 16 },
          { "args": [4, 4], "expected": 16 },
          { "args": [10, 2], "expected": 24 }
        ]
      },
      "hints": [
        "El perímetro es 2 × (base + altura). Primero suma base + altura, luego multiplica por 2"
      ],
      "points": 10
    },
    {
      "id": 10,
      "level": "advanced",
      "title": "Área del Triángulo",
      "description": "Crea una función llamada 'areaTriangulo' que reciba base y altura, y devuelva el área: (base × altura) ÷ 2.",
      "expectedAnswer": 12,
      "functionTest": {
        "functionName": "areaTriangulo",
        "parameters": ["base", "altura"],
        "testCases": [
          { "args": [6, 4], "expected": 12 },
          { "args": [10, 5], "expected": 25 },
          { "args": [8, 3], "expected": 12 }
        ]
      },
      "hints": [
        "El área de un triángulo es (base × altura) ÷ 2"
      ],
      "points": 10
    },
    {
      "id": 11,
      "level": "advanced",
      "title": "Función Promedio",
      "description": "Crea una función llamada 'promedio' que reciba dos números (a, b) y devuelva su promedio: (a + b) ÷ 2.",
      "expectedAnswer": 5,
      "functionTest": {
        "functionName": "promedio",
        "parameters": ["a", "b"],
        "testCases": [
          { "args": [4, 6], "expected": 5 },
          { "args": [10, 20], "expected": 15 },
          { "args": [0, 0], "expected": 0 }
        ]
      },
      "hints": [
        "El promedio es (a + b) ÷ 2. Primero suma a + b, luego divide entre 2"
      ],
      "points": 10
    },
    {
      "id": 12,
      "level": "advanced",
      "title": "Función Potencia",
      "description": "Crea una función llamada 'potencia' que reciba base y exponente, y devuelva base elevada al exponente.",
      "expectedAnswer": 8,
      "functionTest": {
        "functionName": "potencia",
        "parameters": ["base", "exponente"],
        "testCases": [
          { "args": [2, 3], "expected": 8 },
          { "args": [5, 2], "expected": 25 },
          { "args": [3, 0], "expected": 1 }
        ]
      },
      "hints": [
        "Usa el bloque de aritmética con la operación 'potencia (^)' de la categoría Matemáticas"
      ],
      "points": 10
    }
  ],
  "levels": {
    "basic": {
      "name": "Básico",
      "color": "#4CAF50",
      "description": "Funciones con operaciones aritméticas básicas"
    },
    "intermediate": {
      "name": "Intermedio",
      "color": "#FF9800",
      "description": "Funciones con un parámetro y transformaciones"
    },
    "advanced": {
      "name": "Avanzado",
      "color": "#F44336",
      "description": "Funciones de geometría y operaciones compuestas"
    }
  }
}
